Speaker,Sex,Consonant,laryngeal_contrast,POA,Vowel,Ceiling,F2_5,F2_50
SF3,female,t,voiceless,alveolar,i,4760,2859.4,2007.6
SF3,female,t,voiceless,alveolar,i,4760,2844.9,464.9
SF1,female,t,voiceless,alveolar,i,5510,2839.2,1499.6
SF5,female,t,voiceless,alveolar,i,5510,2821.1,2315.3
SF5,female,t,voiceless,alveolar,i,5510,2820.9,2063.7
SF5,female,t,voiceless,alveolar,i,5510,2800.9,2410.6
SF3,female,t,voiceless,alveolar,i,4760,2794.4,2183.8
SF5,female,t,voiceless,alveolar,i,5510,2790,2053.1
SF5,female,t,voiceless,alveolar,i,5510,2777.8,1714.3
SF5,female,t,voiceless,alveolar,i,5510,2761.2,1934.9
SF3,female,t,voiceless,alveolar,i,4760,2741.9,2175.7
SF4,female,t,voiceless,alveolar,i,6500,2722.9,2068
SF1,female,t,voiceless,alveolar,i,5510,2709.2,1542.7
SF4,female,t,voiceless,alveolar,i,6500,2701,2246.7
SF3,female,t,voiceless,alveolar,i,4760,2696.6,1516.1
SF3,female,t,voiceless,alveolar,i,4760,2658.1,2070.7
SF2,female,t,voiceless,alveolar,i,6500,2644.2,2346
SF2,female,t,voiceless,alveolar,i,6500,2631.8,2458.9
SF4,female,t,voiceless,alveolar,i,6500,2625.7,1738.3
SF4,female,t,voiceless,alveolar,i,6500,2611,1698.9
SF1,female,t,voiceless,alveolar,i,5510,2610.7,1785.4
SF4,female,t,voiceless,alveolar,i,6500,2607.2,1625.9
SF2,female,t,voiceless,alveolar,i,6500,2593.7,2486.4
SF4,female,t,voiceless,alveolar,i,6500,2583.9,1800.4
SF2,female,t,voiceless,alveolar,i,6500,2562.9,1870.5
SF2,female,t,voiceless,alveolar,i,6500,2562.4,2091.4
SF1,female,t,voiceless,alveolar,i,5510,2540,2060.8
SF2,female,t,voiceless,alveolar,i,6500,2540,1982.7
SF1,female,t,voiceless,alveolar,i,5510,2488.8,1643.4
SF1,female,t,voiceless,alveolar,i,5510,2443.2,1245.3
SM4,male,t,voiceless,alveolar,i,4970,2346.2,2012.8
SM4,male,t,voiceless,alveolar,i,4970,2275,1562.3
SM4,male,t,voiceless,alveolar,i,4970,2247.3,1124.2
SM4,male,t,voiceless,alveolar,i,4970,2243.4,1279.4
SM4,male,t,voiceless,alveolar,i,4970,2174.7,1446.5
SM2,male,t,voiceless,alveolar,i,5970,2170.4,1253.2
SM4,male,t,voiceless,alveolar,i,4970,2142.8,1330.2
SM1,male,t,voiceless,alveolar,i,5960,2137.4,2254.1
SM5,male,t,voiceless,alveolar,i,5620,2130.3,2008.4
SM2,male,t,voiceless,alveolar,i,5970,2112.5,1220.4
SM2,male,t,voiceless,alveolar,i,5970,2105.9,1396.1
SM1,male,t,voiceless,alveolar,i,5960,2105.4,2268.6
SM2,male,t,voiceless,alveolar,i,5970,2098.4,1357.5
SM5,male,t,voiceless,alveolar,i,5620,2090,2208.8
SM5,male,t,voiceless,alveolar,i,5620,2083.8,2233.6
SM1,male,t,voiceless,alveolar,i,5960,2082.2,2145.2
SM2,male,t,voiceless,alveolar,i,5970,2079.3,1304
SM5,male,t,voiceless,alveolar,i,5620,2074,1690.4
SM1,male,t,voiceless,alveolar,i,5960,2053.4,2094.7
SM5,male,t,voiceless,alveolar,i,5620,2033.7,2030.7
SM5,male,t,voiceless,alveolar,i,5620,1996.6,2001.4
SM2,male,t,voiceless,alveolar,i,5970,1995.5,1204.1
SM1,male,t,voiceless,alveolar,i,5960,1984.3,2184.9
SF3,female,t,voiceless,alveolar,a,5370,1833.1,1410.8
SM2,male,t,voiceless,alveolar,a,4500,1781.2,1282.4
SF1,female,t,voiceless,alveolar,a,5350,1775,1402.5
SF3,female,t,voiceless,alveolar,a,5370,1773.1,1445.9
SF3,female,t,voiceless,alveolar,u,5130,1768.9,1801.8
SF3,female,t,voiceless,alveolar,a,5370,1763.2,1408.4
SF3,female,t,voiceless,alveolar,u,5130,1735.4,1508.9
SF3,female,t,voiceless,alveolar,a,5370,1709.3,1440.6
SF3,female,t,voiceless,alveolar,a,5370,1708.5,1404.1
SF3,female,t,voiceless,alveolar,u,5130,1692.3,1872
SF3,female,t,voiceless,alveolar,u,5130,1684,1763.3
SF1,female,t,voiceless,alveolar,a,5350,1672.8,1280
SF2,female,t,voiceless,alveolar,a,6450,1669,1341.9
SF3,female,t,voiceless,alveolar,u,5130,1664,1371.5
SF5,female,t,voiceless,alveolar,a,6500,1660.6,1370
SF1,female,t,voiceless,alveolar,a,5350,1655.6,1247.1
SF2,female,t,voiceless,alveolar,a,6450,1618.8,1341.6
SF3,female,t,voiceless,alveolar,a,5370,1615.5,1281.8
SF1,female,t,voiceless,alveolar,a,5350,1606.6,1241.7
SF1,female,t,voiceless,alveolar,a,5350,1604.4,1303.6
SF5,female,t,voiceless,alveolar,a,6500,1602.6,1274.1
SF5,female,t,voiceless,alveolar,a,6500,1601.2,1263.6
SF1,female,t,voiceless,alveolar,a,5350,1601.1,1349.7
SM3,male,t,voiceless,alveolar,i,4010,1599.3,1601.9
SF5,female,t,voiceless,alveolar,a,6500,1597,1322.4
SF5,female,t,voiceless,alveolar,a,6500,1593.1,1306.8
SF2,female,t,voiceless,alveolar,a,6450,1574.5,1342.5
SF4,female,t,voiceless,alveolar,a,5680,1570.9,1383.5
SF4,female,t,voiceless,alveolar,a,5680,1570.7,1332.3
SF4,female,t,voiceless,alveolar,a,5680,1569,1319.1
SF4,female,t,voiceless,alveolar,a,5680,1563.5,1419.8
SF2,female,t,voiceless,alveolar,a,6450,1558,1247.2
SF4,female,t,voiceless,alveolar,a,5680,1555.2,1243.3
SF3,female,t,voiceless,alveolar,u,5130,1551.2,1784.4
SF4,female,t,voiceless,alveolar,u,4500,1550.2,1778
SF4,female,t,voiceless,alveolar,a,5680,1520.3,1254.9
SF5,female,t,voiceless,alveolar,a,6500,1511.8,1139.4
SF2,female,t,voiceless,alveolar,a,6450,1504.5,1242.5
SM3,male,t,voiceless,alveolar,a,4190,1501.7,1142.3
SM3,male,t,voiceless,alveolar,i,4010,1499.9,1566.3
SM3,male,t,voiceless,alveolar,a,4190,1498.8,1196.2
SM3,male,t,voiceless,alveolar,u,4000,1495.1,1494.9
SM3,male,t,voiceless,alveolar,a,4190,1488.7,1205.4
SF5,female,t,voiceless,alveolar,u,5830,1482.8,1771.7
SM3,male,t,voiceless,alveolar,a,4190,1476.5,1190.1
SM3,male,t,voiceless,alveolar,u,4000,1463.3,1522.5
SM3,male,t,voiceless,alveolar,a,4190,1462.7,1186.3
SF2,female,t,voiceless,alveolar,u,5520,1454.5,1725.3
SF5,female,t,voiceless,alveolar,u,5830,1436.7,1840.4
SM2,male,t,voiceless,alveolar,a,4500,1426.7,1217.9
SM2,male,t,voiceless,alveolar,a,4500,1425.2,1125.5
SF2,female,t,voiceless,alveolar,a,6450,1424.2,1220.4
SM2,male,t,voiceless,alveolar,a,4500,1421.5,1173.6
SM3,male,t,voiceless,alveolar,i,4010,1412.6,1664.2
SM2,male,t,voiceless,alveolar,a,4500,1412,1109.8
SM2,male,t,voiceless,alveolar,a,4500,1401.3,1042.5
SM2,male,t,voiceless,alveolar,a,4500,1397.6,1136.6
SM1,male,t,voiceless,alveolar,a,4460,1388.8,1039.2
SM3,male,t,voiceless,alveolar,a,4190,1372.9,1176.4
SF4,female,t,voiceless,alveolar,u,4500,1365.1,1703.3
SM1,male,t,voiceless,alveolar,a,4460,1363.9,1032.5
SF5,female,t,voiceless,alveolar,u,5830,1362,1709.2
SM5,male,t,voiceless,alveolar,a,4740,1358.1,1192.8
SM1,male,t,voiceless,alveolar,a,4460,1357,1045.4
SF5,female,t,voiceless,alveolar,u,5830,1356.4,1620.5
SF2,female,t,voiceless,alveolar,u,5520,1346.5,1717.7
SM3,male,t,voiceless,alveolar,u,4000,1346.2,1560.9
SM1,male,t,voiceless,alveolar,i,5960,1345.6,1560.7
SM5,male,t,voiceless,alveolar,a,4740,1335.8,1080.4
SM5,male,t,voiceless,alveolar,a,4740,1334.1,1091.2
SM5,male,t,voiceless,alveolar,a,4740,1332.8,1041.3
SM1,male,t,voiceless,alveolar,a,4460,1329.6,976.2
SM5,male,t,voiceless,alveolar,a,4740,1324.9,1066.4
SM4,male,t,voiceless,alveolar,u,4000,1317.4,1451.7
SF1,female,t,voiceless,alveolar,u,5350,1315.3,1660.3
SF1,female,t,voiceless,alveolar,u,5350,1315.2,1572.3
SM1,male,t,voiceless,alveolar,a,4460,1305.6,1074.6
SF2,female,t,voiceless,alveolar,u,5520,1302.1,1551
SM1,male,t,voiceless,alveolar,a,4460,1295,961.2
SF1,female,t,voiceless,alveolar,u,5350,1294.8,1578.3
SM4,male,t,voiceless,alveolar,u,4000,1294.2,1420.3
SF4,female,t,voiceless,alveolar,u,4500,1293.4,1636.5
SM4,male,t,voiceless,alveolar,u,4000,1289.2,1463.5
SM5,male,t,voiceless,alveolar,a,4740,1262.9,1007.9
SM3,male,t,voiceless,alveolar,i,4010,1260,1631.4
SM1,male,t,voiceless,alveolar,a,4460,1259.7,985
SM4,male,t,voiceless,alveolar,a,4570,1247.2,1034.6
SM4,male,t,voiceless,alveolar,a,4570,1247.2,1003.4
SF2,female,t,voiceless,alveolar,u,5520,1245.2,998.8
SM2,male,t,voiceless,alveolar,u,4010,1245.1,1507.7
SF1,female,t,voiceless,alveolar,u,5350,1238,1283
SM4,male,t,voiceless,alveolar,a,4570,1227.9,1010.2
SF4,female,t,voiceless,alveolar,u,4500,1215.6,948
SM4,male,t,voiceless,alveolar,a,4570,1215.4,948.6
SM4,male,t,voiceless,alveolar,a,4570,1212.6,894.1
SM3,male,t,voiceless,alveolar,u,4000,1211.8,1117.4
SF5,female,t,voiceless,alveolar,u,5830,1207.8,979.1
SM3,male,t,voiceless,alveolar,u,4000,1201.6,991.7
SM2,male,t,voiceless,alveolar,u,4010,1199,959.1
SM2,male,t,voiceless,alveolar,u,4010,1196.1,1397.7
SM2,male,t,voiceless,alveolar,u,4010,1194.6,1393.1
SM3,male,t,voiceless,alveolar,i,4010,1180.1,1368.7
SF1,female,t,voiceless,alveolar,u,5350,1177.9,854
SM3,male,t,voiceless,alveolar,u,4000,1161.5,1019
SM3,male,t,voiceless,alveolar,u,4000,1160.3,1291.5
SM5,male,t,voiceless,alveolar,u,4010,1146.8,1317.3
SF2,female,t,voiceless,alveolar,u,5520,1146.3,985.5
SF4,female,t,voiceless,alveolar,u,4500,1144.8,967.2
SM1,male,t,voiceless,alveolar,u,4000,1143.5,1166.4
SM1,male,t,voiceless,alveolar,u,4000,1140.5,930.3
SM2,male,t,voiceless,alveolar,u,4010,1139.8,935.4
SF5,female,t,voiceless,alveolar,u,5830,1139.3,875.1
SF5,female,t,voiceless,alveolar,u,5830,1097.6,968.4
SM1,male,t,voiceless,alveolar,u,4000,1077.7,1110.2
SM2,male,t,voiceless,alveolar,u,4010,1072.1,922.7
SM1,male,t,voiceless,alveolar,u,4000,1048.7,901.8
SM1,male,t,voiceless,alveolar,u,4000,1039.2,1098.6
SM5,male,t,voiceless,alveolar,u,4010,1033.8,1091.2
SF1,female,t,voiceless,alveolar,u,5350,1025.6,709.5
SM5,male,t,voiceless,alveolar,u,4010,1019.3,893.1
SM4,male,t,voiceless,alveolar,u,4000,1018.4,851.9
SF2,female,t,voiceless,alveolar,u,5520,1018.3,913.5
SM4,male,t,voiceless,alveolar,u,4000,979.5,812.8
SM5,male,t,voiceless,alveolar,u,4010,977,1185.2
SM4,male,t,voiceless,alveolar,u,4000,932.8,791.8
SM5,male,t,voiceless,alveolar,u,4010,889.8,744.7
SM1,male,t,voiceless,alveolar,u,4000,873.8,847.2
SM5,male,t,voiceless,alveolar,u,4010,867.5,705.4
SF5,female,p,voiceless,bilabial,i,5510,2886.1,2479.5
SF5,female,p,voiceless,bilabial,i,5510,2830.1,2351.1
SF5,female,p,voiceless,bilabial,i,5510,2809.5,1563.3
SF1,female,p,voiceless,bilabial,i,5510,2802.5,2197.1
SF5,female,p,voiceless,bilabial,i,5510,2771.8,1987.1
SF3,female,p,voiceless,bilabial,i,4760,2767.3,1594.4
SF5,female,p,voiceless,bilabial,i,5510,2762.8,1721.6
SF5,female,p,voiceless,bilabial,i,5510,2754,2159.3
SF4,female,p,voiceless,bilabial,i,6500,2748.6,2157
SF5,female,p,voiceless,bilabial,i,5510,2729.5,2387.3
SF3,female,p,voiceless,bilabial,i,4760,2696.4,2012.4
SF3,female,p,voiceless,bilabial,i,4760,2696.2,1611.6
SF3,female,p,voiceless,bilabial,i,4760,2689.3,2090.6
SF4,female,p,voiceless,bilabial,i,6500,2688.2,1589.9
SF4,female,p,voiceless,bilabial,i,6500,2635.8,1811.5
SF1,female,p,voiceless,bilabial,i,5510,2627.2,2500
SF4,female,p,voiceless,bilabial,i,6500,2619.9,2029.6
SF4,female,p,voiceless,bilabial,i,6500,2616.2,1828.4
SF3,female,p,voiceless,bilabial,i,4760,2571,2003
SF2,female,p,voiceless,bilabial,i,6500,2560.1,1736.2
SF2,female,p,voiceless,bilabial,i,6500,2544.5,2659.8
SF2,female,p,voiceless,bilabial,i,6500,2535.4,1943.1
SF1,female,p,voiceless,bilabial,i,5510,2522.6,1638.8
SF4,female,p,voiceless,bilabial,i,6500,2513.9,1997.2
SF4,female,p,voiceless,bilabial,i,6500,2507.7,1804.6
SF1,female,p,voiceless,bilabial,i,5510,2499.4,1767.8
SF2,female,p,voiceless,bilabial,i,6500,2490,1322.3
SF2,female,p,voiceless,bilabial,i,6500,2477.4,1742.4
SF1,female,p,voiceless,bilabial,i,5510,2382.4,1618.3
SF2,female,p,voiceless,bilabial,i,6500,2361.5,1276.2
SF1,female,p,voiceless,bilabial,i,5510,2294.5,1805.5
SM4,male,p,voiceless,bilabial,i,4970,2239,1457.2
SM4,male,p,voiceless,bilabial,i,4970,2216,1509.4
SM3,male,p,voiceless,bilabial,i,4010,2213.7,1439
SM4,male,p,voiceless,bilabial,i,4970,2211.9,1284
SM4,male,p,voiceless,bilabial,i,4970,2209.4,1522.9
SM5,male,p,voiceless,bilabial,i,5620,2203.9,2063.7
SF3,female,p,voiceless,bilabial,i,4760,2202.6,1678.9
SM4,male,p,voiceless,bilabial,i,4970,2195.2,1562.6
SM3,male,p,voiceless,bilabial,i,4010,2173.3,1515.2
SM5,male,p,voiceless,bilabial,i,5620,2158.9,1955.8
SM5,male,p,voiceless,bilabial,i,5620,2151,2077.1
SM4,male,p,voiceless,bilabial,i,4970,2144,1425.8
SM5,male,p,voiceless,bilabial,i,5620,2114,1973.3
SM2,male,p,voiceless,bilabial,i,5970,2110.7,1388.5
SM1,male,p,voiceless,bilabial,i,5960,2108.7,2236.6
SM1,male,p,voiceless,bilabial,i,5960,2061.9,2216.6
SM2,male,p,voiceless,bilabial,i,5970,2044.5,1334
SM2,male,p,voiceless,bilabial,i,5970,2041.9,1411.6
SM5,male,p,voiceless,bilabial,i,5620,2036.2,2098.4
SM1,male,p,voiceless,bilabial,i,5960,2022,1930.6
SM2,male,p,voiceless,bilabial,i,5970,2021.6,1423.5
SM1,male,p,voiceless,bilabial,i,5960,2015.2,2318.5
SM1,male,p,voiceless,bilabial,i,5960,1993.3,2364.9
SM2,male,p,voiceless,bilabial,i,5970,1962.3,1316
SM5,male,p,voiceless,bilabial,i,5620,1933.6,1633.6
SM1,male,p,voiceless,bilabial,i,5960,1879.7,2008.4
SM3,male,p,voiceless,bilabial,i,4010,1847.1,1407.1
SM2,male,p,voiceless,bilabial,i,5970,1788.2,1229.7
SF2,female,p,voiceless,bilabial,a,6450,1586,1295.6
SF3,female,p,voiceless,bilabial,u,5130,1585.3,1059.3
SF1,female,p,voiceless,bilabial,a,5350,1584.2,1320.7
SF3,female,p,voiceless,bilabial,a,5370,1564.1,1410
SF3,female,p,voiceless,bilabial,a,5370,1559.5,1376.1
SF3,female,p,voiceless,bilabial,a,5370,1507.8,1326.6
SF5,female,p,voiceless,bilabial,a,6500,1485.9,1287.1
SF3,female,p,voiceless,bilabial,a,5370,1485.7,1362.6
SF3,female,p,voiceless,bilabial,a,5370,1485.3,1295.2
SF5,female,p,voiceless,bilabial,a,6500,1481.8,1333.4
SF2,female,p,voiceless,bilabial,a,6450,1478.9,1256.8
SF1,female,p,voiceless,bilabial,a,5350,1469.5,1276
SF1,female,p,voiceless,bilabial,a,5350,1466.6,1346.2
SF4,female,p,voiceless,bilabial,a,5680,1456.3,1293
SF5,female,p,voiceless,bilabial,a,6500,1454.8,1296.6
SF1,female,p,voiceless,bilabial,a,5350,1443.9,1354.5
SF5,female,p,voiceless,bilabial,a,6500,1443.9,1291.3
SF5,female,p,voiceless,bilabial,a,6500,1441.9,1348.2
SF4,female,p,voiceless,bilabial,a,5680,1440.1,1225.5
SF4,female,p,voiceless,bilabial,a,5680,1426.7,1224.2
SF4,female,p,voiceless,bilabial,a,5680,1426,1333.9
SF2,female,p,voiceless,bilabial,a,6450,1418.9,1213.4
SF4,female,p,voiceless,bilabial,a,5680,1403.1,1242.8
SM3,male,p,voiceless,bilabial,a,4190,1402.3,1159.8
SF1,female,p,voiceless,bilabial,a,5350,1396.7,1230
SF2,female,p,voiceless,bilabial,a,6450,1395.7,1261.8
SF5,female,p,voiceless,bilabial,a,6500,1391.6,1324.7
SF2,female,p,voiceless,bilabial,a,6450,1390.3,1263.5
SM3,male,p,voiceless,bilabial,a,4190,1383.8,1120.2
SM3,male,p,voiceless,bilabial,a,4190,1372.4,1115.6
SF3,female,p,voiceless,bilabial,u,5130,1368.7,1394
SM2,male,p,voiceless,bilabial,a,4500,1355.3,1113.5
SF1,female,p,voiceless,bilabial,a,5350,1345.6,1178
SM2,male,p,voiceless,bilabial,a,4500,1340.8,1086.4
SM3,male,p,voiceless,bilabial,a,4190,1335.5,1131.6
SF4,female,p,voiceless,bilabial,a,5680,1325.4,1167.9
SM3,male,p,voiceless,bilabial,a,4190,1320.6,1113.7
SM3,male,p,voiceless,bilabial,a,4190,1319.7,1114.9
SM3,male,p,voiceless,bilabial,i,4010,1306,1354.2
SM5,male,p,voiceless,bilabial,a,4740,1290.1,1369.1
SM2,male,p,voiceless,bilabial,a,4500,1284.2,1109.1
SM5,male,p,voiceless,bilabial,a,4740,1279,1005.1
SM2,male,p,voiceless,bilabial,a,4500,1273.8,1046.6
SM2,male,p,voiceless,bilabial,a,4500,1273,1059.5
SF2,female,p,voiceless,bilabial,a,6450,1267.1,1267.6
SM2,male,p,voiceless,bilabial,a,4500,1253.2,1073.5
SM5,male,p,voiceless,bilabial,a,4740,1243.5,1082.6
SM3,male,p,voiceless,bilabial,i,4010,1234.2,1480
SM5,male,p,voiceless,bilabial,a,4740,1233.3,1018.3
SM2,male,p,voiceless,bilabial,a,4500,1218,1044
SM5,male,p,voiceless,bilabial,a,4740,1217.3,1042.9
SM5,male,p,voiceless,bilabial,a,4740,1215.7,1019.4
SM4,male,p,voiceless,bilabial,a,4570,1196.2,916.9
SM4,male,p,voiceless,bilabial,a,4570,1192.8,971
SM4,male,p,voiceless,bilabial,a,4570,1192.7,946.3
SM4,male,p,voiceless,bilabial,a,4570,1181.3,942.6
SM4,male,p,voiceless,bilabial,a,4570,1161.2,966.7
SM4,male,p,voiceless,bilabial,a,4570,1160.8,905.6
SM1,male,p,voiceless,bilabial,a,4460,1158.3,990.7
SM4,male,p,voiceless,bilabial,a,4570,1153.7,961
SM1,male,p,voiceless,bilabial,a,4460,1143.1,973.4
SM1,male,p,voiceless,bilabial,a,4460,1128.9,1002.7
SM1,male,p,voiceless,bilabial,a,4460,1127.1,914.5
SM1,male,p,voiceless,bilabial,a,4460,1113,1006.3
SM1,male,p,voiceless,bilabial,a,4460,1090.2,919.6
SF3,female,p,voiceless,bilabial,u,5130,1081.2,1308.3
SM3,male,p,voiceless,bilabial,i,4010,1080.6,1449.2
SF3,female,p,voiceless,bilabial,u,5130,1046.5,1318.6
SF3,female,p,voiceless,bilabial,u,5130,1025,1891.9
SF3,female,p,voiceless,bilabial,u,5130,1024.4,742.9
SF2,female,p,voiceless,bilabial,u,5520,1012.5,871.6
SF2,female,p,voiceless,bilabial,u,5520,961.5,820.5
SM2,male,p,voiceless,bilabial,u,4010,958.8,814.3
SM2,male,p,voiceless,bilabial,u,4010,941.9,844
SM2,male,p,voiceless,bilabial,u,4010,935.1,819.3
SM2,male,p,voiceless,bilabial,u,4010,923.7,827.4
SM2,male,p,voiceless,bilabial,u,4010,920.1,826.8
SM3,male,p,voiceless,bilabial,u,4000,919,767.2
SF5,female,p,voiceless,bilabial,u,5830,903.2,893.2
SF2,female,p,voiceless,bilabial,u,5520,888.5,769.1
SF1,female,p,voiceless,bilabial,u,5350,888,1392.4
SM3,male,p,voiceless,bilabial,u,4000,887.9,927.7
SM2,male,p,voiceless,bilabial,u,4010,887.6,786.1
SM3,male,p,voiceless,bilabial,u,4000,877.6,841.1
SF4,female,p,voiceless,bilabial,u,4500,863.6,746.7
SF1,female,p,voiceless,bilabial,u,5350,861.9,837.8
SF1,female,p,voiceless,bilabial,u,5350,857.4,912.3
SF1,female,p,voiceless,bilabial,u,5350,857.3,846.7
SM1,male,p,voiceless,bilabial,u,4000,850.5,792.1
SM4,male,p,voiceless,bilabial,u,4000,846.2,678.1
SM1,male,p,voiceless,bilabial,u,4000,840.9,876.7
SM3,male,p,voiceless,bilabial,u,4000,838.6,861.4
SF5,female,p,voiceless,bilabial,u,5830,835.1,864.6
SM4,male,p,voiceless,bilabial,u,4000,826.6,781.3
SF2,female,p,voiceless,bilabial,u,5520,824.4,834.3
SM1,male,p,voiceless,bilabial,u,4000,819.2,799.9
SF2,female,p,voiceless,bilabial,u,5520,818.6,1200.9
SF2,female,p,voiceless,bilabial,u,5520,817,1028.5
SM1,male,p,voiceless,bilabial,u,4000,816.7,821.1
SM4,male,p,voiceless,bilabial,u,4000,813.6,781.9
SM4,male,p,voiceless,bilabial,u,4000,811.6,767.3
SM4,male,p,voiceless,bilabial,u,4000,807.6,691.6
SF5,female,p,voiceless,bilabial,u,5830,806.6,800.4
SF4,female,p,voiceless,bilabial,u,4500,803,749.3
SF4,female,p,voiceless,bilabial,u,4500,800.3,720
SF1,female,p,voiceless,bilabial,u,5350,797.2,814.2
SM4,male,p,voiceless,bilabial,u,4000,795.5,725.9
SF5,female,p,voiceless,bilabial,u,5830,794.2,752.3
SF4,female,p,voiceless,bilabial,u,4500,789.6,723.1
SF4,female,p,voiceless,bilabial,u,4500,781.1,753.5
SM1,male,p,voiceless,bilabial,u,4000,776.7,699.9
SM1,male,p,voiceless,bilabial,u,4000,768.4,708.7
SF5,female,p,voiceless,bilabial,u,5830,764.2,963.7
SM5,male,p,voiceless,bilabial,u,4010,741.5,714
SF4,female,p,voiceless,bilabial,u,4500,736,766.8
SM5,male,p,voiceless,bilabial,u,4010,731.9,637.3
SF5,female,p,voiceless,bilabial,u,5830,724.2,894.6
SM5,male,p,voiceless,bilabial,u,4010,678.1,921.9
SM5,male,p,voiceless,bilabial,u,4010,662.8,654.6
SM5,male,p,voiceless,bilabial,u,4010,641.8,949.1
SM5,male,p,voiceless,bilabial,u,4010,634.3,826.4
SF5,female,k,voiceless,velar,i,5510,2957.7,1601.9
SF5,female,k,voiceless,velar,i,5510,2875.9,2129.1
SF5,female,k,voiceless,velar,i,5510,2860.1,2044.4
SF5,female,k,voiceless,velar,i,5510,2830.3,1981.1
SF1,female,k,voiceless,velar,i,5510,2798.7,2047.2
SF5,female,k,voiceless,velar,i,5510,2796.8,1637.6
SF1,female,k,voiceless,velar,i,5510,2753,2004.1
SF3,female,k,voiceless,velar,i,4760,2740,1764.4
SF3,female,k,voiceless,velar,i,4760,2734.4,2099.1
SF3,female,k,voiceless,velar,i,4760,2728.7,2178.6
SF1,female,k,voiceless,velar,i,5510,2710.8,1783
SF4,female,k,voiceless,velar,i,6500,2685.5,1652.1
SF4,female,k,voiceless,velar,i,6500,2678.4,1913.3
SF3,female,k,voiceless,velar,i,4760,2673.3,1543.1
SF3,female,k,voiceless,velar,i,4760,2659.7,667.4
SF4,female,k,voiceless,velar,i,6500,2602.6,1926.9
SF4,female,k,voiceless,velar,i,6500,2600.6,1581.3
SF2,female,k,voiceless,velar,i,6500,2590.1,1450.7
SF4,female,k,voiceless,velar,i,6500,2585,1831
SF1,female,k,voiceless,velar,i,5510,2579.9,1408.6
SF5,female,k,voiceless,velar,i,5510,2532.5,1347.9
SF1,female,k,voiceless,velar,i,5510,2516.1,1949.6
SM1,male,k,voiceless,velar,i,5960,2512.9,2030.7
SF2,female,k,voiceless,velar,i,6500,2505,1400.2
SF4,female,k,voiceless,velar,i,6500,2503.2,1331.7
SF2,female,k,voiceless,velar,i,6500,2490.3,1402.4
SF2,female,k,voiceless,velar,i,6500,2478,1924.4
SF3,female,k,voiceless,velar,i,4760,2472.4,1745.9
SF2,female,k,voiceless,velar,i,6500,2415.4,1805.9
SF2,female,k,voiceless,velar,i,6500,2398.6,1769.8
SM3,male,k,voiceless,velar,i,4010,2369.1,1189
SM2,male,k,voiceless,velar,i,5970,2322.1,1192.9
SM1,male,k,voiceless,velar,i,5960,2275.8,1023
SM4,male,k,voiceless,velar,i,4970,2246.8,1563.4
SM2,male,k,voiceless,velar,i,5970,2234.1,1324.2
SM1,male,k,voiceless,velar,i,5960,2229.6,1080.3
SM4,male,k,voiceless,velar,i,4970,2225,1486.2
SM4,male,k,voiceless,velar,i,4970,2222.7,1575.1
SM4,male,k,voiceless,velar,i,4970,2208.8,1372.7
SM4,male,k,voiceless,velar,i,4970,2207.3,1625.9
SM2,male,k,voiceless,velar,i,5970,2203.7,1300
SM4,male,k,voiceless,velar,i,4970,2197.9,1571.2
SM1,male,k,voiceless,velar,i,5960,2181,2186.8
SM5,male,k,voiceless,velar,i,5620,2158.9,2274.5
SM1,male,k,voiceless,velar,i,5960,2158.8,2168
SM5,male,k,voiceless,velar,i,5620,2150.3,2127.1
SM5,male,k,voiceless,velar,i,5620,2143,2087.5
SM1,male,k,voiceless,velar,i,5960,2139.8,2158.7
SM1,male,k,voiceless,velar,i,5960,2138.1,2228.7
SM1,male,k,voiceless,velar,i,5960,2131.1,2141.1
SM1,male,k,voiceless,velar,i,5960,2122.8,1774.4
SM5,male,k,voiceless,velar,i,5620,2116.6,1994.1
SM5,male,k,voiceless,velar,i,5620,2108.6,2099.4
SM5,male,k,voiceless,velar,i,5620,2102.1,1977.8
SM2,male,k,voiceless,velar,i,5970,2071.9,1422.5
SM3,male,k,voiceless,velar,i,4010,2069.4,1788.9
SM2,male,k,voiceless,velar,i,5970,2009.6,1154.7
SM2,male,k,voiceless,velar,i,5970,2008.2,1046.3
SM3,male,k,voiceless,velar,i,4010,1984.4,1190.1
SF3,female,k,voiceless,velar,a,5370,1848,1897.4
SF3,female,k,voiceless,velar,a,5370,1828.5,1852.2
SF2,female,k,voiceless,velar,a,6450,1824.4,1848.6
SF2,female,k,voiceless,velar,a,6450,1789.9,1640.3
SF2,female,k,voiceless,velar,a,6450,1785.6,1870.6
SF3,female,k,voiceless,velar,a,5370,1779.9,1925.3
SF3,female,k,voiceless,velar,a,5370,1739.4,1460.4
SF3,female,k,voiceless,velar,a,5370,1736.2,1406.6
SF3,female,k,voiceless,velar,a,5370,1732.6,1676.8
SF1,female,k,voiceless,velar,a,5350,1713.8,1897.9
SF2,female,k,voiceless,velar,a,6450,1670.6,1373.5
SF5,female,k,voiceless,velar,a,6500,1643.3,1668.5
SM3,male,k,voiceless,velar,i,4010,1596.7,1287.4
SF5,female,k,voiceless,velar,a,6500,1586.9,1203.9
SF5,female,k,voiceless,velar,a,6500,1573.3,1687.7
SF2,female,k,voiceless,velar,a,6450,1572.5,1241.7
SF5,female,k,voiceless,velar,a,6500,1571.2,1212.8
SF5,female,k,voiceless,velar,a,6500,1569.7,1169.7
SF4,female,k,voiceless,velar,a,5680,1569.3,1708.6
SF2,female,k,voiceless,velar,a,6450,1561.9,1188.4
SF1,female,k,voiceless,velar,a,5350,1546.9,1810.1
SF4,female,k,voiceless,velar,a,5680,1542.5,1710.5
SF5,female,k,voiceless,velar,a,6500,1537.5,1635.1
SF1,female,k,voiceless,velar,a,5350,1528.5,1643.1
SM3,male,k,voiceless,velar,a,4190,1511.2,1454.9
SM3,male,k,voiceless,velar,a,4190,1508.3,1425.6
SM3,male,k,voiceless,velar,i,4010,1508,1488.4
SM3,male,k,voiceless,velar,a,4190,1498,1466.7
SF1,female,k,voiceless,velar,a,5350,1490.1,1164.4
SF4,female,k,voiceless,velar,a,5680,1477.8,1337.3
SF4,female,k,voiceless,velar,a,5680,1475.3,1322.6
SF4,female,k,voiceless,velar,a,5680,1468.2,1661
SM5,male,k,voiceless,velar,a,4740,1452.3,1444.2
SF4,female,k,voiceless,velar,a,5680,1449.8,1279.8
SF1,female,k,voiceless,velar,a,5350,1445.9,1225.4
SF1,female,k,voiceless,velar,a,5350,1440.3,1089.1
SM1,male,k,voiceless,velar,a,4460,1433.3,1452.1
SM1,male,k,voiceless,velar,a,4460,1421.6,1442.8
SM5,male,k,voiceless,velar,a,4740,1406.2,1434.5
SM5,male,k,voiceless,velar,a,4740,1399.3,1196.1
SM5,male,k,voiceless,velar,a,4740,1388.9,1448.4
SM2,male,k,voiceless,velar,a,4500,1383.5,1404.7
SM1,male,k,voiceless,velar,a,4460,1379.8,1423.7
SM3,male,k,voiceless,velar,a,4190,1372,1118.2
SM2,male,k,voiceless,velar,a,4500,1369.3,1330.8
SM3,male,k,voiceless,velar,a,4190,1366.6,1129.3
SM2,male,k,voiceless,velar,a,4500,1365.3,1290.8
SM5,male,k,voiceless,velar,a,4740,1364.2,1076.9
SM2,male,k,voiceless,velar,a,4500,1358.3,1107.9
SM3,male,k,voiceless,velar,i,4010,1357.7,1455.4
SM2,male,k,voiceless,velar,a,4500,1351,1056.5
SM3,male,k,voiceless,velar,a,4190,1336.2,1124.6
SM4,male,k,voiceless,velar,a,4570,1335,1165.6
SM1,male,k,voiceless,velar,a,4460,1332.1,1119.1
SM4,male,k,voiceless,velar,a,4570,1324.1,1373.5
SM2,male,k,voiceless,velar,a,4500,1321.5,1029.1
SM1,male,k,voiceless,velar,a,4460,1315.8,1029.6
SM5,male,k,voiceless,velar,a,4740,1302.6,1036.5
SF1,female,k,voiceless,velar,u,5350,1290.7,892.9
SM4,male,k,voiceless,velar,a,4570,1278.7,1030.8
SM4,male,k,voiceless,velar,a,4570,1265.2,1309.7
SM4,male,k,voiceless,velar,a,4570,1265,1022.4
SM4,male,k,voiceless,velar,a,4570,1251.6,1017.4
SM1,male,k,voiceless,velar,a,4460,1233.7,874
SF3,female,k,voiceless,velar,u,5130,1137.3,1424.4
SF3,female,k,voiceless,velar,u,5130,1089.1,847.9
SF3,female,k,voiceless,velar,u,5130,1081.1,1053.7
SF3,female,k,voiceless,velar,u,5130,1067.4,508.8
SM3,male,k,voiceless,velar,u,4000,1054.3,983.6
SF3,female,k,voiceless,velar,u,5130,1032.4,1814.4
SM3,male,k,voiceless,velar,u,4000,989.2,889.5
SF2,female,k,voiceless,velar,u,5520,986.5,949
SF4,female,k,voiceless,velar,u,4500,966.5,750.2
SF4,female,k,voiceless,velar,u,4500,959.3,718.4
SM2,male,k,voiceless,velar,u,4010,955.8,857.5
SF5,female,k,voiceless,velar,u,5830,955.4,867.2
SM2,male,k,voiceless,velar,u,4010,954.2,834.6
SF4,female,k,voiceless,velar,u,4500,946.9,764.7
SF5,female,k,voiceless,velar,u,5830,946.8,834.3
SM3,male,k,voiceless,velar,u,4000,944.4,887.2
SM2,male,k,voiceless,velar,u,4010,926.9,823.3
SM2,male,k,voiceless,velar,u,4010,923,808.4
SM3,male,k,voiceless,velar,u,4000,907.4,819.8
SF1,female,k,voiceless,velar,u,5350,899.7,846.5
SM1,male,k,voiceless,velar,u,4000,899.6,1098.2
SF2,female,k,voiceless,velar,u,5520,882.7,920.2
SM2,male,k,voiceless,velar,u,4010,880,810.2
SM3,male,k,voiceless,velar,u,4000,877.5,806.2
SF1,female,k,voiceless,velar,u,5350,875.4,969.2
SM1,male,k,voiceless,velar,u,4000,872,927.9
SM4,male,k,voiceless,velar,u,4000,869,818.2
SF2,female,k,voiceless,velar,u,5520,862.1,1025.9
SF5,female,k,voiceless,velar,u,5830,858.8,681.8
SF1,female,k,voiceless,velar,u,5350,853.1,987.5
SF4,female,k,voiceless,velar,u,4500,853,723.5
SF4,female,k,voiceless,velar,u,4500,846,722.9
SM4,male,k,voiceless,velar,u,4000,841.4,771.5
SM4,male,k,voiceless,velar,u,4000,836.2,789.8
SM4,male,k,voiceless,velar,u,4000,827.6,767
SM2,male,k,voiceless,velar,u,4010,818.9,786.7
SF1,female,k,voiceless,velar,u,5350,815.6,833.4
SM4,male,k,voiceless,velar,u,4000,815.4,772.2
SF1,female,k,voiceless,velar,u,5350,813.5,837.1
SM1,male,k,voiceless,velar,u,4000,804.6,735.2
SF5,female,k,voiceless,velar,u,5830,797.7,888.8
SF5,female,k,voiceless,velar,u,5830,795.1,892.4
SF3,female,k,voiceless,velar,u,5130,790.6,1218.6
SF2,female,k,voiceless,velar,u,5520,790.2,662.8
SF5,female,k,voiceless,velar,u,5830,780.2,724.2
SF4,female,k,voiceless,velar,u,4500,777.7,757.5
SM4,male,k,voiceless,velar,u,4000,741,700.3
SF2,female,k,voiceless,velar,u,5520,737.3,1057
SF2,female,k,voiceless,velar,u,5520,728.3,1567.1
SM5,male,k,voiceless,velar,u,4010,711.5,1017.4
SM5,male,k,voiceless,velar,u,4010,704.3,965.1
SM5,male,k,voiceless,velar,u,4010,686.3,770.5
SM5,male,k,voiceless,velar,u,4010,680.5,826.8
SM5,male,k,voiceless,velar,u,4010,643.1,613.6
SM5,male,k,voiceless,velar,u,4010,629.9,836.4
SF5,female,g,voiced,velar,i,5510,2919.4,2724.8
SF4,female,g,voiced,velar,i,6500,2811,2606.4
SF5,female,g,voiced,velar,i,5510,2809.4,1437.8
SF1,female,g,voiced,velar,i,5510,2802.4,2268.5
SF5,female,g,voiced,velar,i,5510,2801.7,2594.3
SF3,female,g,voiced,velar,i,4760,2787.6,2485.1
SF4,female,g,voiced,velar,i,6500,2777.3,2640.3
SF3,female,g,voiced,velar,i,4760,2771.2,2389.4
SF3,female,g,voiced,velar,i,4760,2770.3,2665.5
SF5,female,g,voiced,velar,i,5510,2760.7,1305.1
SF5,female,g,voiced,velar,i,5510,2739.8,1420.4
SF1,female,g,voiced,velar,i,5510,2734.5,2507.4
SF4,female,g,voiced,velar,i,6500,2730.6,2678.2
SF4,female,g,voiced,velar,i,6500,2722.7,1318.7
SF1,female,g,voiced,velar,i,5510,2695,1776.5
SF3,female,g,voiced,velar,i,4760,2694.9,2820.9
SF4,female,g,voiced,velar,i,6500,2688.6,2580.1
SF5,female,g,voiced,velar,i,5510,2685,2792.3
SF2,female,g,voiced,velar,i,6500,2679,2473.4
SF2,female,g,voiced,velar,i,6500,2662.3,2517.6
SF1,female,g,voiced,velar,i,5510,2634.1,2007.3
SF1,female,g,voiced,velar,i,5510,2632.5,1485.8
SF3,female,g,voiced,velar,i,4760,2616,1835.5
SF4,female,g,voiced,velar,i,6500,2587.5,1744.4
SF2,female,g,voiced,velar,i,6500,2558.5,2286.4
SF3,female,g,voiced,velar,i,4760,2506.7,1728.5
SF2,female,g,voiced,velar,i,6500,2500.6,2267.9
SF2,female,g,voiced,velar,i,6500,2468.4,1554
SF1,female,g,voiced,velar,i,5510,2402.5,1247.2
SF2,female,g,voiced,velar,i,6500,2351,1490.7
SM3,male,g,voiced,velar,i,4010,2285,1551.8
SM4,male,g,voiced,velar,i,4970,2274.1,2031.5
SM1,male,g,voiced,velar,i,5960,2250.9,2088
SM4,male,g,voiced,velar,i,4970,2249.1,2066
SM4,male,g,voiced,velar,i,4970,2242.7,2217.3
SM1,male,g,voiced,velar,i,5960,2229.9,2218.7
SM3,male,g,voiced,velar,i,4010,2227.7,1010.4
SM1,male,g,voiced,velar,i,5960,2192.8,2235.5
SM1,male,g,voiced,velar,i,5960,2190.4,2181.2
SM1,male,g,voiced,velar,i,5960,2172.7,2084.5
SM4,male,g,voiced,velar,i,4970,2171.6,1561.2
SM2,male,g,voiced,velar,i,5970,2166.4,1081.6
SM2,male,g,voiced,velar,i,5970,2157.5,2014.3
SM4,male,g,voiced,velar,i,4970,2139.3,1517.1
SM4,male,g,voiced,velar,i,4970,2127.3,1536.8
SM5,male,g,voiced,velar,i,5620,2095.8,2041.3
SM1,male,g,voiced,velar,i,5960,2080.3,1956.5
SF3,female,g,voiced,velar,a,5370,2067,1705.5
SM5,male,g,voiced,velar,i,5620,2065.6,1978.6
SM2,male,g,voiced,velar,i,5970,2053.3,1223.4
SM2,male,g,voiced,velar,i,5970,2045.1,1968.7
SM5,male,g,voiced,velar,i,5620,2037.7,2201.6
SM2,male,g,voiced,velar,i,5970,2035.5,1428.7
SM5,male,g,voiced,velar,i,5620,1996,1887.5
SM2,male,g,voiced,velar,i,5970,1980.3,1976.5
SF1,female,g,voiced,velar,a,5350,1872,1927
SF2,female,g,voiced,velar,a,6450,1844.7,1790
SF3,female,g,voiced,velar,a,5370,1842.8,1579.9
SF3,female,g,voiced,velar,a,5370,1813.1,1444.5
SF5,female,g,voiced,velar,a,6500,1787.9,1787.8
SF1,female,g,voiced,velar,a,5350,1782.9,1862.1
SM3,male,g,voiced,velar,i,4010,1782,1092.6
SF5,female,g,voiced,velar,a,6500,1772.1,1849.8
SF5,female,g,voiced,velar,a,6500,1762,1868.5
SF2,female,g,voiced,velar,a,6450,1727.6,1768.6
SF2,female,g,voiced,velar,a,6450,1715.6,1761.3
SF3,female,g,voiced,velar,a,5370,1712.5,1509.1
SF4,female,g,voiced,velar,a,5680,1693.9,1819.9
SF4,female,g,voiced,velar,a,5680,1686.4,1873.8
SF3,female,g,voiced,velar,u,5130,1671.9,1784.1
SF2,female,g,voiced,velar,a,6450,1646.4,1305.9
SF3,female,g,voiced,velar,u,5130,1643.2,1430.4
SF1,female,g,voiced,velar,a,5350,1624.6,1881.1
SF4,female,g,voiced,velar,a,5680,1621.6,1757.4
SM5,male,g,voiced,velar,i,5620,1611.8,1221.9
SF2,female,g,voiced,velar,a,6450,1579.1,1259.2
SF5,female,g,voiced,velar,a,6500,1578,1052.3
SM3,male,g,voiced,velar,a,4190,1570.7,1486.2
SM3,male,g,voiced,velar,a,4190,1560.3,1512.1
SF5,female,g,voiced,velar,a,6500,1543.2,1956.9
SF4,female,g,voiced,velar,a,5680,1538,1348.5
SF1,female,g,voiced,velar,a,5350,1535,1264.2
SF4,female,g,voiced,velar,a,5680,1513.2,1564
SM3,male,g,voiced,velar,a,4190,1511.2,1353.5
SM3,male,g,voiced,velar,i,4010,1511.1,1136.6
SF5,female,g,voiced,velar,a,6500,1510.7,1769.7
SM3,male,g,voiced,velar,i,4010,1504.7,1218.7
SF1,female,g,voiced,velar,a,5350,1504.1,1360.3
SM1,male,g,voiced,velar,a,4460,1503.4,1467.3
SM1,male,g,voiced,velar,a,4460,1477.3,1451.8
SF4,female,g,voiced,velar,a,5680,1458,1190.9
SM2,male,g,voiced,velar,a,4500,1451.9,1382.9
SF1,female,g,voiced,velar,a,5350,1451.7,1223.1
SM1,male,g,voiced,velar,a,4460,1441.1,1364.1
SM2,male,g,voiced,velar,a,4500,1422.3,1352
SF2,female,g,voiced,velar,a,6450,1405.6,1177.9
SM3,male,g,voiced,velar,a,4190,1404.6,1113.7
SM2,male,g,voiced,velar,a,4500,1402.8,1377.2
SM3,male,g,voiced,velar,a,4190,1399.3,1220.8
SM5,male,g,voiced,velar,a,4740,1390.6,1275.8
SM3,male,g,voiced,velar,a,4190,1388.4,1068.7
SF3,female,g,voiced,velar,u,5130,1388,1242.9
SM5,male,g,voiced,velar,a,4740,1377.4,1325
SF4,female,g,voiced,velar,u,4500,1369.1,1746.4
SF1,female,g,voiced,velar,u,5350,1363.9,1264.6
SF5,female,g,voiced,velar,u,5830,1359,1981.6
SF4,female,g,voiced,velar,u,4500,1357.4,1740.5
SM5,male,g,voiced,velar,a,4740,1353.5,1324.9
SM1,male,g,voiced,velar,a,4460,1351.5,1148.1
SM3,male,g,voiced,velar,a,4190,1349.7,1060.5
SM4,male,g,voiced,velar,a,4570,1348.5,1243.3
SM1,male,g,voiced,velar,a,4460,1318.2,1125.8
SF5,female,g,voiced,velar,u,5830,1317.8,2039.7
SF5,female,g,voiced,velar,u,5830,1310.8,1943.9
SM4,male,g,voiced,velar,a,4570,1306.7,1296.5
SM2,male,g,voiced,velar,a,4500,1304.4,1168.1
SM1,male,g,voiced,velar,a,4460,1304.2,1176.2
SF2,female,g,voiced,velar,u,5520,1283.4,1821.2
SM2,male,g,voiced,velar,a,4500,1280.8,1152.9
SF1,female,g,voiced,velar,u,5350,1261.7,1775.9
SM5,male,g,voiced,velar,a,4740,1257.3,994.3
SM5,male,g,voiced,velar,a,4740,1245.9,1271.4
SF3,female,g,voiced,velar,u,5130,1244.6,1476.8
SM4,male,g,voiced,velar,a,4570,1235.9,1025.6
SM5,male,g,voiced,velar,a,4740,1234.7,1026.2
SF3,female,g,voiced,velar,u,5130,1230.9,1512.2
SM2,male,g,voiced,velar,a,4500,1229.4,1255.7
SM4,male,g,voiced,velar,a,4570,1224.3,869.2
SF4,female,g,voiced,velar,u,4500,1221.5,1527.3
SM3,male,g,voiced,velar,u,4000,1218,1254.4
SF2,female,g,voiced,velar,u,5520,1208.6,1268.8
SM3,male,g,voiced,velar,u,4000,1202.5,1294.4
SF5,female,g,voiced,velar,u,5830,1198.9,1134.3
SM3,male,g,voiced,velar,u,4000,1193.3,1417.7
SF5,female,g,voiced,velar,u,5830,1192.8,1118.3
SM4,male,g,voiced,velar,a,4570,1187.1,968.1
SF3,female,g,voiced,velar,a,5370,1184.2,1764.7
SF5,female,g,voiced,velar,u,5830,1183.2,1190.7
SF3,female,g,voiced,velar,u,5130,1180,1792.2
SM3,male,g,voiced,velar,u,4000,1177.9,1110.6
SF1,female,g,voiced,velar,u,5350,1163.9,1575.4
SF3,female,g,voiced,velar,u,5130,1161.2,1509
SM3,male,g,voiced,velar,u,4000,1148.5,1307.2
SM1,male,g,voiced,velar,u,4000,1146.8,890
SM1,male,g,voiced,velar,u,4000,1140.3,857.5
SM4,male,g,voiced,velar,a,4570,1137.2,1401.3
SM3,male,g,voiced,velar,u,4000,1136.2,1258.9
SF1,female,g,voiced,velar,u,5350,1134.9,1114.8
SM4,male,g,voiced,velar,u,4000,1132.7,969.3
SM2,male,g,voiced,velar,u,4010,1132.4,1345.4
SM4,male,g,voiced,velar,u,4000,1126.7,932.4
SF1,female,g,voiced,velar,u,5350,1121.6,1664.7
SF2,female,g,voiced,velar,u,5520,1112.8,1454.7
SF2,female,g,voiced,velar,u,5520,1103.6,1310
SM4,male,g,voiced,velar,u,4000,1094.6,1322.3
SF2,female,g,voiced,velar,u,5520,1072.6,1274.9
SF4,female,g,voiced,velar,u,4500,1070,1742.3
SM1,male,g,voiced,velar,u,4000,1059.1,1160.1
SM2,male,g,voiced,velar,u,4010,1052.3,1281.2
SM2,male,g,voiced,velar,u,4010,1029.5,1241.9
SM2,male,g,voiced,velar,u,4010,1027.1,1133.3
SF1,female,g,voiced,velar,u,5350,1026,1150.3
SF4,female,g,voiced,velar,u,4500,1016.6,1543.1
SM5,male,g,voiced,velar,u,4010,1014.9,925.5
SM4,male,g,voiced,velar,u,4000,1000.6,1281.6
SM5,male,g,voiced,velar,u,4010,994.1,1161.8
SM4,male,g,voiced,velar,u,4000,992.5,1083.7
SF2,female,g,voiced,velar,u,5520,991.1,1087.9
SM2,male,g,voiced,velar,u,4010,976.9,1140.7
SF3,female,g,voiced,velar,a,5370,974.8,1789.1
SF4,female,g,voiced,velar,u,4500,965.6,1505.9
SM2,male,g,voiced,velar,a,4500,965.5,1146.5
SM4,male,g,voiced,velar,u,4000,962.2,1113.4
SM1,male,g,voiced,velar,u,4000,947.5,1237
SM5,male,g,voiced,velar,u,4010,929.5,1064.9
SM1,male,g,voiced,velar,u,4000,929.2,1153.3
SM5,male,g,voiced,velar,u,4010,926.5,822.3
SM5,male,g,voiced,velar,u,4010,862.6,908.6
SM5,male,g,voiced,velar,u,4010,816,1045.3
SM1,male,g,voiced,velar,u,4000,801.3,1069.7
SM3,male,g,voiced,velar,i,4010,662.4,1166.3
SF3,female,d,voiced,alveolar,i,4760,2933.9,2471.5
SF1,female,d,voiced,alveolar,i,5510,2914.5,1826.5
SF4,female,d,voiced,alveolar,i,6500,2890.1,1610.6
SF5,female,d,voiced,alveolar,i,5510,2870,1431.5
SF5,female,d,voiced,alveolar,i,5510,2863.3,2198.5
SF5,female,d,voiced,alveolar,i,5510,2832,2256.4
SF1,female,d,voiced,alveolar,i,5510,2827.1,1506.9
SF3,female,d,voiced,alveolar,i,4760,2785.2,2549.7
SF5,female,d,voiced,alveolar,i,5510,2780.1,1809.4
SF5,female,d,voiced,alveolar,i,5510,2748.4,2129.1
SF1,female,d,voiced,alveolar,i,5510,2742.9,1596.3
SF4,female,d,voiced,alveolar,i,6500,2737,2435.1
SF3,female,d,voiced,alveolar,i,4760,2728.8,2139.2
SF4,female,d,voiced,alveolar,i,6500,2716.5,1645.8
SF3,female,d,voiced,alveolar,i,4760,2706,2343.2
SF5,female,d,voiced,alveolar,i,5510,2704.5,1642.1
SF3,female,d,voiced,alveolar,i,4760,2702.1,2269
SF3,female,d,voiced,alveolar,i,4760,2655.2,2161.1
SF4,female,d,voiced,alveolar,i,6500,2635.5,1602.2
SF1,female,d,voiced,alveolar,i,5510,2631,1640.8
SF2,female,d,voiced,alveolar,i,6500,2621.6,2687.7
SF4,female,d,voiced,alveolar,i,6500,2620,1547.4
SF1,female,d,voiced,alveolar,i,5510,2614.6,1394.3
SF4,female,d,voiced,alveolar,i,6500,2612.9,1598.3
SF2,female,d,voiced,alveolar,i,6500,2611.2,1969.1
SF2,female,d,voiced,alveolar,i,6500,2572.3,1493.7
SF2,female,d,voiced,alveolar,i,6500,2536.2,1897.4
SF2,female,d,voiced,alveolar,i,6500,2490.5,2075.6
SF1,female,d,voiced,alveolar,i,5510,2485.6,1582.2
SF2,female,d,voiced,alveolar,i,6500,2346.5,1248.8
SM4,male,d,voiced,alveolar,i,4970,2297.1,1623.1
SM4,male,d,voiced,alveolar,i,4970,2257.2,1383.9
SM4,male,d,voiced,alveolar,i,4970,2231.3,1303.2
SM2,male,d,voiced,alveolar,i,5970,2225.7,1451.1
SM2,male,d,voiced,alveolar,i,5970,2220.7,1593.8
SM4,male,d,voiced,alveolar,i,4970,2186.6,1285.9
SM2,male,d,voiced,alveolar,i,5970,2172.4,1305.1
SM4,male,d,voiced,alveolar,i,4970,2157.4,1155
SM5,male,d,voiced,alveolar,i,5620,2156.7,2294.1
SM2,male,d,voiced,alveolar,i,5970,2155.3,1531.1
SM1,male,d,voiced,alveolar,i,5960,2153.9,2113.3
SM5,male,d,voiced,alveolar,i,5620,2152.7,1343.1
SM1,male,d,voiced,alveolar,i,5960,2148.1,2288.9
SM2,male,d,voiced,alveolar,i,5970,2146.3,1484.4
SM4,male,d,voiced,alveolar,i,4970,2140.4,1214.7
SM5,male,d,voiced,alveolar,i,5620,2139.5,2062.5
SM2,male,d,voiced,alveolar,i,5970,2132.1,1187
SM1,male,d,voiced,alveolar,i,5960,2113.8,2234.1
SM1,male,d,voiced,alveolar,i,5960,2098.7,2194.1
SM1,male,d,voiced,alveolar,i,5960,2049.8,2048.2
SM1,male,d,voiced,alveolar,i,5960,2044.1,1228
SM5,male,d,voiced,alveolar,i,5620,2042,1911
SM5,male,d,voiced,alveolar,i,5620,2019.4,1869.1
SF3,female,d,voiced,alveolar,u,5130,2016.6,1430.2
SM5,male,d,voiced,alveolar,i,5620,2013.9,1909.2
SF3,female,d,voiced,alveolar,a,5370,1967,1480.9
SF2,female,d,voiced,alveolar,a,6450,1964.4,1856.9
SF3,female,d,voiced,alveolar,a,5370,1962.3,2008.6
SF3,female,d,voiced,alveolar,u,5130,1894,2135.5
SF3,female,d,voiced,alveolar,a,5370,1872.9,1413.7
SF2,female,d,voiced,alveolar,a,6450,1852.2,1802.5
SF2,female,d,voiced,alveolar,a,6450,1843.5,1856.5
SF1,female,d,voiced,alveolar,a,5350,1833.2,1901.4
SF1,female,d,voiced,alveolar,a,5350,1801.5,1425.7
SF2,female,d,voiced,alveolar,a,6450,1800.2,1312.2
SF5,female,d,voiced,alveolar,a,6500,1787.9,1854.9
SF5,female,d,voiced,alveolar,a,6500,1777.4,1807.4
SF2,female,d,voiced,alveolar,a,6450,1776.1,1496.4
SF3,female,d,voiced,alveolar,u,5130,1770.6,1872.6
SF3,female,d,voiced,alveolar,u,5130,1762.4,1930.8
SM3,male,d,voiced,alveolar,i,4010,1757.1,1503.5
SF2,female,d,voiced,alveolar,a,6450,1756.9,1400.9
SF5,female,d,voiced,alveolar,u,5830,1755,1664.1
SF1,female,d,voiced,alveolar,a,5350,1739.3,1837.3
SF2,female,d,voiced,alveolar,u,5520,1722.1,1804.3
SF3,female,d,voiced,alveolar,a,5370,1713.6,1456.9
SM3,male,d,voiced,alveolar,u,4000,1713.5,1559.6
SM3,male,d,voiced,alveolar,u,4000,1711,1400.2
SF1,female,d,voiced,alveolar,a,5350,1709.3,1323.9
SF5,female,d,voiced,alveolar,a,6500,1703.4,1689.8
SF2,female,d,voiced,alveolar,u,5520,1701.7,1763.6
SF5,female,d,voiced,alveolar,a,6500,1696.2,1336.5
SF1,female,d,voiced,alveolar,a,5350,1669.2,1251.9
SF5,female,d,voiced,alveolar,a,6500,1622.5,1349.4
SF5,female,d,voiced,alveolar,a,6500,1621.4,1283.4
SF4,female,d,voiced,alveolar,a,5680,1609.7,1785.7
SF1,female,d,voiced,alveolar,u,5350,1608.4,1473.9
SM3,male,d,voiced,alveolar,a,4190,1576,1451
SM3,male,d,voiced,alveolar,a,4190,1546.5,1478.2
SF2,female,d,voiced,alveolar,u,5520,1538.5,1283.3
SM3,male,d,voiced,alveolar,a,4190,1536.8,1216.6
SM3,male,d,voiced,alveolar,a,4190,1535.5,1253.1
SF2,female,d,voiced,alveolar,u,5520,1534.7,1697.1
SM3,male,d,voiced,alveolar,a,4190,1531.3,1217.8
SF4,female,d,voiced,alveolar,a,5680,1529.2,1721.6
SF3,female,d,voiced,alveolar,u,5130,1527.2,1368.8
SF4,female,d,voiced,alveolar,a,5680,1523.2,1350.6
SF3,female,d,voiced,alveolar,a,5370,1521.2,1956
SM3,male,d,voiced,alveolar,a,4190,1516.8,1170.9
SF4,female,d,voiced,alveolar,a,5680,1515.2,1282.4
SF4,female,d,voiced,alveolar,a,5680,1502.7,1795.1
SM3,male,d,voiced,alveolar,i,4010,1501.1,1494.4
SF1,female,d,voiced,alveolar,u,5350,1496.1,1217.4
SF2,female,d,voiced,alveolar,u,5520,1494.3,1087.1
SF4,female,d,voiced,alveolar,a,5680,1492.5,1293.7
SM3,male,d,voiced,alveolar,a,4190,1490.6,1490
SF1,female,d,voiced,alveolar,u,5350,1484.8,1033.4
SM3,male,d,voiced,alveolar,i,4010,1479,1429.7
SM2,male,d,voiced,alveolar,u,4010,1465.5,1474.7
SM3,male,d,voiced,alveolar,u,4000,1464.8,1112.1
SM3,male,d,voiced,alveolar,i,4010,1459.2,1321.5
SF5,female,d,voiced,alveolar,u,5830,1459,1769.4
SF1,female,d,voiced,alveolar,u,5350,1454.3,1546.3
SM2,male,d,voiced,alveolar,a,4500,1454,1191.7
SM2,male,d,voiced,alveolar,a,4500,1452.8,1102
SM2,male,d,voiced,alveolar,a,4500,1452.8,1354.2
SM2,male,d,voiced,alveolar,a,4500,1450.3,1368.6
SM5,male,d,voiced,alveolar,a,4740,1442.6,1358.5
SF5,female,d,voiced,alveolar,u,5830,1441.3,1872.8
SF1,female,d,voiced,alveolar,u,5350,1419.2,1124.1
SM5,male,d,voiced,alveolar,a,4740,1412,1116.9
SM5,male,d,voiced,alveolar,a,4740,1411.6,1022.8
SF2,female,d,voiced,alveolar,u,5520,1410.2,1196.4
SM5,male,d,voiced,alveolar,a,4740,1407.5,1352.3
SF1,female,d,voiced,alveolar,u,5350,1400.5,1425.8
SM5,male,d,voiced,alveolar,a,4740,1398.1,1109.9
SM2,male,d,voiced,alveolar,a,4500,1391.1,1127
SM2,male,d,voiced,alveolar,u,4010,1390.5,1457.9
SM5,male,d,voiced,alveolar,a,4740,1384.5,1295.9
SM1,male,d,voiced,alveolar,a,4460,1379.2,1349.6
SM3,male,d,voiced,alveolar,u,4000,1375.2,1539.2
SM5,male,d,voiced,alveolar,u,4010,1372.6,1328.6
SM1,male,d,voiced,alveolar,a,4460,1368.7,1347.6
SM5,male,d,voiced,alveolar,u,4010,1360.7,1290.1
SM2,male,d,voiced,alveolar,a,4500,1357.1,1033.7
SM1,male,d,voiced,alveolar,a,4460,1353.4,1346.6
SF3,female,d,voiced,alveolar,a,5370,1345.5,2118.7
SM2,male,d,voiced,alveolar,u,4010,1328,1448.8
SM3,male,d,voiced,alveolar,u,4000,1327.8,1051.3
SM3,male,d,voiced,alveolar,u,4000,1324.9,1095
SM4,male,d,voiced,alveolar,a,4570,1297.5,1243.9
SM3,male,d,voiced,alveolar,i,4010,1296.3,1382.5
SM4,male,d,voiced,alveolar,a,4570,1296.1,961.3
SM4,male,d,voiced,alveolar,a,4570,1293.7,1224.4
SM4,male,d,voiced,alveolar,a,4570,1292.6,1245.7
SM1,male,d,voiced,alveolar,a,4460,1289.8,929.7
SM5,male,d,voiced,alveolar,u,4010,1278.7,1236.2
SF4,female,d,voiced,alveolar,u,4500,1264.5,1149.9
SM4,male,d,voiced,alveolar,a,4570,1255.5,952
SM1,male,d,voiced,alveolar,u,4000,1255.4,1212.5
SF5,female,d,voiced,alveolar,u,5830,1249.9,1108.9
SM4,male,d,voiced,alveolar,a,4570,1224,1084.3
SF5,female,d,voiced,alveolar,u,5830,1222.3,960.9
SF4,female,d,voiced,alveolar,u,4500,1212.4,1124.4
SM3,male,d,voiced,alveolar,i,4010,1209.9,1552.9
SF4,female,d,voiced,alveolar,u,4500,1189.7,924.3
SM1,male,d,voiced,alveolar,u,4000,1165.7,1150.4
SM1,male,d,voiced,alveolar,u,4000,1155.9,1200.4
SM4,male,d,voiced,alveolar,u,4000,1150.6,1010.4
SM5,male,d,voiced,alveolar,u,4010,1144.7,873.5
SM1,male,d,voiced,alveolar,u,4000,1135.1,927.7
SM2,male,d,voiced,alveolar,u,4010,1121.4,987.2
SM5,male,d,voiced,alveolar,u,4010,1119.4,862.2
SF4,female,d,voiced,alveolar,u,4500,1106.9,1964.2
SF5,female,d,voiced,alveolar,u,5830,1088,976.1
SM1,male,d,voiced,alveolar,u,4000,1079.7,883
SM1,male,d,voiced,alveolar,u,4000,1050.2,845.1
SM2,male,d,voiced,alveolar,u,4010,1047.4,957.9
SM5,male,d,voiced,alveolar,u,4010,1034.1,811.9
SM4,male,d,voiced,alveolar,u,4000,982.2,1381.9
SF4,female,d,voiced,alveolar,u,4500,951.8,1314.2
SM4,male,d,voiced,alveolar,u,4000,945,651.8
SM4,male,d,voiced,alveolar,u,4000,902.9,797.6
SM4,male,d,voiced,alveolar,u,4000,872.3,803
SM4,male,d,voiced,alveolar,u,4000,802.4,1219.5
SF4,female,d,voiced,alveolar,u,4500,531.9,919
SF5,female,b,voiced,bilabial,i,5510,2769.1,2166.5
SF5,female,b,voiced,bilabial,i,5510,2736.9,2061
SF5,female,b,voiced,bilabial,i,5510,2731.1,1822.5
SF3,female,b,voiced,bilabial,i,4760,2730.7,2160.5
SF3,female,b,voiced,bilabial,i,4760,2722.7,2258.8
SF5,female,b,voiced,bilabial,i,5510,2721.9,1903.9
SF4,female,b,voiced,bilabial,i,6500,2708.4,1777.2
SF5,female,b,voiced,bilabial,i,5510,2704,2042.8
SF3,female,b,voiced,bilabial,i,4760,2698.9,2146.9
SF3,female,b,voiced,bilabial,i,4760,2687.4,2014.8
SF1,female,b,voiced,bilabial,i,5510,2686.8,1949.3
SF4,female,b,voiced,bilabial,i,6500,2666.8,1818.9
SF5,female,b,voiced,bilabial,i,5510,2622.1,2121.8
SF2,female,b,voiced,bilabial,i,6500,2616.8,2082.8
SF2,female,b,voiced,bilabial,i,6500,2613.8,2245.6
SF4,female,b,voiced,bilabial,i,6500,2608.8,1769.8
SF4,female,b,voiced,bilabial,i,6500,2598.8,2065.2
SF4,female,b,voiced,bilabial,i,6500,2588.1,2223.5
SF1,female,b,voiced,bilabial,i,5510,2582.9,1718.5
SF3,female,b,voiced,bilabial,i,4760,2582,2135
SF1,female,b,voiced,bilabial,i,5510,2550.2,1541
SF4,female,b,voiced,bilabial,i,6500,2541.7,1634.3
SF2,female,b,voiced,bilabial,i,6500,2482.7,1715.6
SF1,female,b,voiced,bilabial,i,5510,2472.7,1795.4
SF1,female,b,voiced,bilabial,i,5510,2460.9,1722.8
SF3,female,b,voiced,bilabial,i,4760,2435.3,1889
SF2,female,b,voiced,bilabial,i,6500,2415.1,2580.9
SF2,female,b,voiced,bilabial,i,6500,2406.5,1477.6
SF2,female,b,voiced,bilabial,i,6500,2395.6,1564.9
SF2,female,b,voiced,bilabial,i,6500,2372.4,1389.3
SF1,female,b,voiced,bilabial,i,5510,2354.3,1869.2
SM4,male,b,voiced,bilabial,i,4970,2211.9,1755.6
SM4,male,b,voiced,bilabial,i,4970,2204.6,1304.4
SM2,male,b,voiced,bilabial,i,5970,2196.4,1422.9
SM2,male,b,voiced,bilabial,i,5970,2195.7,1886.6
SM5,male,b,voiced,bilabial,i,5620,2184.9,2108.7
SM4,male,b,voiced,bilabial,i,4970,2178.7,1466
SM2,male,b,voiced,bilabial,i,5970,2170.1,1141.8
SM4,male,b,voiced,bilabial,i,4970,2155.2,1474.5
SM4,male,b,voiced,bilabial,i,4970,2130,1370
SM2,male,b,voiced,bilabial,i,5970,2119.9,1428.1
SM3,male,b,voiced,bilabial,i,4010,2113.5,1436.4
SM2,male,b,voiced,bilabial,i,5970,2106.4,1174.3
SM5,male,b,voiced,bilabial,i,5620,2090.4,2235.9
SM1,male,b,voiced,bilabial,i,5960,2073,2235.4
SM4,male,b,voiced,bilabial,i,4970,2069.4,1359.6
SM5,male,b,voiced,bilabial,i,5620,2067.3,2252.8
SM3,male,b,voiced,bilabial,i,4010,2043.4,1621.6
SM1,male,b,voiced,bilabial,i,5960,2038.8,2052.1
SM1,male,b,voiced,bilabial,i,5960,2013.5,2013.8
SM5,male,b,voiced,bilabial,i,5620,1983.5,2120.7
SM1,male,b,voiced,bilabial,i,5960,1954.2,2248.3
SM1,male,b,voiced,bilabial,i,5960,1949.4,2180.7
SM1,male,b,voiced,bilabial,i,5960,1920.6,2214.4
SM5,male,b,voiced,bilabial,i,5620,1914.5,2159.4
SM5,male,b,voiced,bilabial,i,5620,1854.9,2210.7
SM2,male,b,voiced,bilabial,i,5970,1853.5,1197.7
SM3,male,b,voiced,bilabial,i,4010,1625.8,1630.7
SF3,female,b,voiced,bilabial,a,5370,1564.7,1370.7
SF1,female,b,voiced,bilabial,a,5350,1563.9,1368
SF1,female,b,voiced,bilabial,a,5350,1540.5,1331.4
SF3,female,b,voiced,bilabial,a,5370,1538.4,1488.7
SF1,female,b,voiced,bilabial,a,5350,1529.7,1401.6
SF1,female,b,voiced,bilabial,a,5350,1528.6,1361.9
SF5,female,b,voiced,bilabial,a,6500,1522.4,1315.8
SF5,female,b,voiced,bilabial,a,6500,1512.3,1252.3
SF2,female,b,voiced,bilabial,a,6450,1506.1,1244.7
SF4,female,b,voiced,bilabial,a,5680,1496.3,1366.4
SF1,female,b,voiced,bilabial,a,5350,1495,1340.1
SF5,female,b,voiced,bilabial,a,6500,1486.7,1336.1
SF5,female,b,voiced,bilabial,a,6500,1483.7,1281.5
SF5,female,b,voiced,bilabial,a,6500,1482.3,1291.5
SF5,female,b,voiced,bilabial,a,6500,1478.7,1310.6
SF2,female,b,voiced,bilabial,a,6450,1475.2,1259.5
SF2,female,b,voiced,bilabial,a,6450,1473.9,1294.2
SF2,female,b,voiced,bilabial,a,6450,1467.5,1264
SF2,female,b,voiced,bilabial,a,6450,1454.8,1264.2
SF4,female,b,voiced,bilabial,a,5680,1453.4,1318.7
SF3,female,b,voiced,bilabial,a,5370,1448.8,1296.9
SF4,female,b,voiced,bilabial,a,5680,1448.7,1327.8
SF3,female,b,voiced,bilabial,a,5370,1444.4,1343.4
SF3,female,b,voiced,bilabial,a,5370,1441.3,1218.1
SF4,female,b,voiced,bilabial,a,5680,1439.3,1288.8
SF4,female,b,voiced,bilabial,a,5680,1437.3,1249.5
SF1,female,b,voiced,bilabial,a,5350,1433.6,1224.5
SF3,female,b,voiced,bilabial,a,5370,1426.4,1371
SM3,male,b,voiced,bilabial,i,4010,1393.7,1361.2
SF4,female,b,voiced,bilabial,a,5680,1388,1297.5
SM3,male,b,voiced,bilabial,a,4190,1363.3,1130.4
SM3,male,b,voiced,bilabial,a,4190,1357.5,1113.8
SM3,male,b,voiced,bilabial,a,4190,1338,1113.5
SM3,male,b,voiced,bilabial,a,4190,1330.4,1113.8
SF3,female,b,voiced,bilabial,u,5130,1310.9,1290
SF3,female,b,voiced,bilabial,u,5130,1297.4,1332.3
SM3,male,b,voiced,bilabial,a,4190,1293.8,1086.2
SM2,male,b,voiced,bilabial,a,4500,1283.3,1106.6
SF2,female,b,voiced,bilabial,u,5520,1281.9,1188.6
SM2,male,b,voiced,bilabial,a,4500,1275.1,1032.5
SM3,male,b,voiced,bilabial,i,4010,1266.5,1241.8
SM3,male,b,voiced,bilabial,a,4190,1266.1,1058.9
SM2,male,b,voiced,bilabial,a,4500,1264.2,1192.2
SM5,male,b,voiced,bilabial,a,4740,1248.7,1031.6
SM2,male,b,voiced,bilabial,a,4500,1244.9,1016.5
SM2,male,b,voiced,bilabial,a,4500,1240.4,1021
SM4,male,b,voiced,bilabial,a,4570,1234.4,1018.8
SM5,male,b,voiced,bilabial,a,4740,1211.6,963.3
SM4,male,b,voiced,bilabial,a,4570,1211.1,998.8
SF3,female,b,voiced,bilabial,u,5130,1210.2,1284
SM5,male,b,voiced,bilabial,a,4740,1207.7,931
SF3,female,b,voiced,bilabial,u,5130,1207.4,985.6
SM1,male,b,voiced,bilabial,a,4460,1194.8,960.7
SM4,male,b,voiced,bilabial,a,4570,1194.5,982.8
SM4,male,b,voiced,bilabial,a,4570,1189.4,965.8
SM5,male,b,voiced,bilabial,a,4740,1185,988.5
SM4,male,b,voiced,bilabial,a,4570,1180.2,972.8
SM5,male,b,voiced,bilabial,a,4740,1178.4,910.1
SF4,female,b,voiced,bilabial,u,4500,1175.8,1422.6
SM4,male,b,voiced,bilabial,a,4570,1172.6,913.8
SM3,male,b,voiced,bilabial,i,4010,1166.3,1562.2
SM5,male,b,voiced,bilabial,a,4740,1163.1,1020.3
SM1,male,b,voiced,bilabial,a,4460,1159.8,969.4
SM3,male,b,voiced,bilabial,i,4010,1155.1,1791.8
SM1,male,b,voiced,bilabial,a,4460,1130.9,938.6
SF2,female,b,voiced,bilabial,u,5520,1126.7,1250
SM1,male,b,voiced,bilabial,a,4460,1124.1,934.1
SM1,male,b,voiced,bilabial,a,4460,1124.1,974.1
SM2,male,b,voiced,bilabial,u,4010,1118.5,1060.5
SF3,female,b,voiced,bilabial,u,5130,1078,1384.1
SM3,male,b,voiced,bilabial,u,4000,1071.8,1260.7
SF5,female,b,voiced,bilabial,u,5830,1068.4,981.3
SM1,male,b,voiced,bilabial,a,4460,1063.8,905.7
SM2,male,b,voiced,bilabial,u,4010,1045.2,991.1
SF2,female,b,voiced,bilabial,u,5520,1043.8,1297.3
SF2,female,b,voiced,bilabial,u,5520,1036.9,821.5
SM1,male,b,voiced,bilabial,u,4000,1035.3,956.7
SM1,male,b,voiced,bilabial,u,4000,1035.3,962.4
SM2,male,b,voiced,bilabial,u,4010,1026.1,940.1
SM3,male,b,voiced,bilabial,u,4000,1005.3,1138.1
SM3,male,b,voiced,bilabial,u,4000,1004.1,894.7
SF4,female,b,voiced,bilabial,u,4500,1002.5,885.1
SM4,male,b,voiced,bilabial,u,4000,1001.7,1210.4
SM2,male,b,voiced,bilabial,u,4010,983.8,1162.8
SM4,male,b,voiced,bilabial,u,4000,978.1,939.4
SM1,male,b,voiced,bilabial,u,4000,973.9,928.3
SF3,female,b,voiced,bilabial,u,5130,968.4,1205.6
SM2,male,b,voiced,bilabial,u,4010,952,1169.8
SF4,female,b,voiced,bilabial,u,4500,949.8,1535.5
SF4,female,b,voiced,bilabial,u,4500,949.7,1167.3
SF4,female,b,voiced,bilabial,u,4500,947.3,881.3
SM4,male,b,voiced,bilabial,u,4000,945.8,827
SF2,female,b,voiced,bilabial,u,5520,944.8,814.5
SF5,female,b,voiced,bilabial,u,5830,942.9,961.1
SM4,male,b,voiced,bilabial,u,4000,941.2,900.2
SF4,female,b,voiced,bilabial,u,4500,940.6,938
SM4,male,b,voiced,bilabial,u,4000,940.5,1110.6
SF2,female,b,voiced,bilabial,u,5520,939.5,887.1
SM4,male,b,voiced,bilabial,u,4000,925.3,1106.9
SF5,female,b,voiced,bilabial,u,5830,924.7,1050
SF5,female,b,voiced,bilabial,u,5830,923,999.7
SF5,female,b,voiced,bilabial,u,5830,921.6,1180.6
SM1,male,b,voiced,bilabial,u,4000,921.5,1053.7
SM3,male,b,voiced,bilabial,u,4000,917.8,826.2
SM3,male,b,voiced,bilabial,u,4000,913.4,827.5
SM5,male,b,voiced,bilabial,u,4010,913.4,869.2
SM3,male,b,voiced,bilabial,u,4000,898.4,893.3
SF1,female,b,voiced,bilabial,u,5350,884.7,835.6
SM1,male,b,voiced,bilabial,u,4000,878.4,1012.5
SF5,female,b,voiced,bilabial,u,5830,872,929.8
SM2,male,b,voiced,bilabial,u,4010,870.2,1138.8
SF1,female,b,voiced,bilabial,u,5350,865.1,850
SF1,female,b,voiced,bilabial,u,5350,840,1121.3
SF1,female,b,voiced,bilabial,u,5350,837.7,1129.3
SM1,male,b,voiced,bilabial,u,4000,825.8,1082.8
SF1,female,b,voiced,bilabial,u,5350,812.3,901.3
SF1,female,b,voiced,bilabial,u,5350,801.6,714.7
SM5,male,b,voiced,bilabial,u,4010,784.7,742.3
SM5,male,b,voiced,bilabial,u,4010,774.1,723.2
SM5,male,b,voiced,bilabial,u,4010,752,707.6
SM5,male,b,voiced,bilabial,u,4010,732.6,848.2
SM3,male,b,voiced,bilabial,u,4000,725.8,1203.3
SM5,male,b,voiced,bilabial,u,4010,719.4,831.9
